Sample	Trimmed bases
GSM461177_untreat_paired	2.4925569161554932
GSM461180_treat_paired	12.387319258796483
