Sample	Dups	GC	Seqs
GSM461177_untreat_paired_forward	23.600700000000003	55	1.0576569999999998
GSM461177_untreat_paired_reverse	25.167299999999997	55	1.0576569999999998
GSM461180_treat_paired_forward	23.736800000000002	56	1.226483
GSM461180_treat_paired_reverse	8.103800000000007	56	1.226483
